length_bytes,avg_time_ns,avg_time_ms,speed_mb_per_sec
64,6212,0.006212,9.82
128,7016,0.007016,17.40
256,9179,0.009179,26.60
512,10966,0.010966,44.53
1024,12158,0.012158,80.32
2048,20680,0.020680,94.45
4096,46545,0.046545,83.92
8192,80543,0.080543,97.00